date,product,quantity,price,region
2025-10-28,Tool Pro,11,181.62,East
2025-10-10,Tool Lite,12,206.87,West
2025-11-01,Widget A,12,34.1,South
2025-10-18,Tool Pro,4,269.77,East
2025-10-10,Gadget X,6,113.69,North
2025-10-19,Widget B,10,36.76,North
2025-10-07,Tool Lite,13,120.52,East
2025-11-02,Gadget Y,11,92.95,East
2025-10-14,Widget A,11,35.08,East
2025-11-11,Gadget Y,7,78.31,South
2025-10-04,Tool Lite,15,279.36,West
2025-10-25,Tool Lite,14,248.23,East
2025-09-28,Gadget X,3,107.82,South
2025-11-01,Tool Pro,1,201.78,North
2025-11-04,Gadget Y,1,143.33,East
2025-10-29,Gadget Y,11,82.18,East
2025-10-06,Widget A,2,29.12,West
2025-10-05,Widget B,14,43.84,South
2025-09-26,Gadget Y,7,89.49,West
2025-09-20,Tool Pro,12,267.36,South
2025-10-23,Gadget X,2,101.74,South
2025-10-16,Gadget Y,11,105.88,North
2025-10-02,Gadget X,7,81.39,South
2025-11-04,Gadget Y,8,137.29,North
2025-10-24,Gadget Y,13,133.05,West
2025-10-15,Tool Pro,6,211.05,East
2025-09-16,Widget A,4,43.75,West
2025-10-02,Widget B,15,47.64,East
2025-10-06,Gadget X,8,140.39,West
2025-09-25,Gadget Y,13,89.66,West
2025-09-18,Tool Pro,5,284.33,East
2025-09-20,Widget A,1,30.01,East
2025-11-04,Widget B,13,40.43,South
2025-09-30,Widget A,8,36.73,East
2025-10-03,Tool Pro,13,204.88,East
2025-10-10,Widget B,11,48.48,West
2025-10-26,Widget B,3,36.32,South
2025-09-15,Tool Lite,8,136.23,East
2025-09-28,Tool Pro,5,164.44,North
2025-11-01,Gadget Y,14,128.59,South
2025-10-27,Widget A,5,39.3,West
2025-09-23,Tool Lite,11,273.84,North
2025-09-27,Gadget X,10,147.09,North
2025-10-13,Gadget Y,12,114.71,South
2025-10-10,Gadget X,14,92.95,East
2025-10-10,Tool Pro,4,193.37,East
2025-10-24,Widget B,13,33.17,West
2025-09-24,Gadget Y,11,95.69,West
2025-10-06,Gadget X,3,95.47,West
2025-09-17,Widget A,7,27.53,West
